{
  "action_scaler": {
    "type": "min_max",
    "params": {
      "minimum": [
        [
          -0.3970000147819519,
          -0.3970000147819519,
          -0.3970000147819519,
          -0.3970000147819519,
          -0.3970000147819519,
          -0.3970000147819519,
          -0.3970000147819519,
          -0.3970000147819519,
          -0.3970000147819519
        ]
      ],
      "maximum": [
        [
          0.3970000147819519,
          0.3970000147819519,
          0.3970000147819519,
          0.3970000147819519,
          0.3970000147819519,
          0.3970000147819519,
          0.3970000147819519,
          0.3970000147819519,
          0.3970000147819519
        ]
      ]
    }
  },
  "batch_size": 100,
  "encoder_factory": {
    "type": "default",
    "params": {
      "activation": "relu",
      "use_batch_norm": false,
      "dropout_rate": null
    }
  },
  "gamma": 1.0,
  "generated_maxlen": 100000,
  "learning_rate": 0.001,
  "n_frames": 1,
  "n_steps": 1,
  "optim_factory": {
    "optim_cls": "Adam",
    "betas": [
      0.9,
      0.999
    ],
    "eps": 1e-08,
    "weight_decay": 0,
    "amsgrad": false
  },
  "policy_type": "deterministic",
  "real_ratio": 1.0,
  "reward_scaler": null,
  "scaler": {
    "type": "standard",
    "params": {
      "mean": [
        [
          -0.0009581549463589656,
          0.0008013935153509505,
          0.07643256296566209,
          -0.00111014391000329,
          -7.119858883190811e-05,
          0.076492070418167,
          -0.002387773643577371,
          0.0009206154182631992,
          0.07763022827098709,
          -0.0025397626092182593,
          4.802332002514441e-05,
          0.07768973572227483,
          -0.000515694577820998,
          0.001357812647078357,
          0.07700743970429554,
          -0.0006676835425136919,
          0.0004852205486704039,
          0.07706694715755368,
          -0.0019453132806338171,
          0.001477034551644745,
          0.07820510500734493,
          -0.002097302242486681,
          0.0006044424526726009,
          0.07826461245936531,
          0.020842425249723923,
          -0.059561145940778985,
          -0.1432045117793191,
          0.023782116732195848,
          -0.031931015097391276,
          -0.12137547650982108,
          -0.004342774806345502,
          -0.042353527701128685,
          -0.1375082357241503,
          0.00012072257490217453,
          -0.0006326801237931552,
          0.07780236855091062,
          -1.9564615607426578e-05,
          -0.0013283075776598708,
          0.07750654371639636,
          -0.0010110671604616074,
          -0.0007887624355521439,
          0.07896404238328007,
          -0.0011513542304260227,
          -0.0014843899394630473,
          0.07866821747321713,
          0.0002324293889284945,
          -5.275407040926439e-05,
          0.07821069518899701,
          9.214228764297635e-05,
          -0.0007483815952249037,
          0.07791487020835727,
          -0.000899360230144642,
          -0.00020883633613266283,
          0.0793723689916078,
          -0.0010396473424301197,
          -0.0009044638811246842,
          0.07907654404019317,
          1.0,
          0.13500000089406966,
          -0.0009581549463589656,
          0.0008013935153509505,
          0.07643256296566209,
          -0.00111014391000329,
          -7.119858883190811e-05,
          0.076492070418167,
          -0.002387773643577371,
          0.0009206154182631992,
          0.07763022827098709,
          -0.0025397626092182593,
          4.802332002514441e-05,
          0.07768973572227483,
          -0.000515694577820998,
          0.001357812647078357,
          0.07700743970429554,
          -0.0006676835425136919,
          0.0004852205486704039,
          0.07706694715755368,
          -0.0019453132806338171,
          0.001477034551644745,
          0.07820510500734493,
          -0.002097302242486681,
          0.0006044424526726009,
          0.07826461245936531,
          0.14062258514506043,
          0.14868320595470597,
          0.1461318560339607,
          0.26982713965024685,
          -0.001527728594404168,
          0.0007029179811554276,
          0.07734858771362962,
          0.30451745400904784,
          0.2837583206483401,
          0.27092924335953883,
          0.01676349883387303,
          0.023630043843854247,
          0.08163719258340593,
          0.004644514296998952,
          -0.027405552202318325,
          0.08392773200080084,
          -0.029278964487883176,
          0.006128759265107331,
          0.08122410103706125,
          -0.002206853036422039,
          -0.000269281229532152,
          -0.0009141020556645724,
          0.0006316422907706752,
          0.0020378260411889147,
          -0.0008403150809543953,
          0.001321799423227074,
          -0.0016906116806728252,
          -0.0009770050206369277,
          0.32888638302200396,
          0.6936046931228181,
          -1.6227326754659332,
          0.318945377269,
          0.6664845967514378,
          -1.6404017517475236,
          0.3189380117901627,
          0.6824898964512467,
          -1.6168999678279543,
          0.0,
          0.019830411985006187,
          -0.05875467795369554,
          -0.14368666726666843,
          0.022754302967619433,
          -0.031127374848517537,
          -0.12183620566074059,
          -0.005330368255984346,
          -0.04136433883111232,
          -0.1380140748896048,
          0.010825358364787088,
          -0.006235609242505457,
          0.011367424979841945,
          0.010590738218738774,
          -0.007107235238225636,
          0.010609207084659945,
          0.010476517530228852,
          -0.006653781942851364,
          0.011879387327674653
        ]
      ],